Model,CV_ROC_AUC_Mean,CV_ROC_AUC_Std,CV_F1_Mean,CV_Accuracy_Mean,Test_Accuracy,Test_Precision,Test_Recall,Test_F1,Test_ROC_AUC,Test_Avg_Precision
XGBoost,0.9969120784692965,0.00021473849753611535,0.9722213685857044,0.9723107256224015,0.9508333333333333,0.9047619047619048,0.8877266387726639,0.8961633227736713,0.9880917471994507,0.9692731138430593
Random Forest,0.994974835854395,0.00046961586103510486,0.9635599023660385,0.9635817132040504,0.9421666666666667,0.8835568101623148,0.8730822873082287,0.8782883198877587,0.9809342872031528,0.952812900962732
LightGBM,0.9970907851631452,0.000354559602969203,0.9715284999734095,0.971653768076024,0.9493333333333334,0.9070605187319885,0.8779637377963738,0.8922749822820695,0.9880663945687946,0.9691008283225422
Gradient Boosting,0.9963692063968093,0.00023813546687104011,0.9696652509602167,0.9697765498545129,0.9498333333333333,0.8975438596491228,0.8919107391910739,0.8947184330185379,0.9872856557259375,0.9669053780475387
